{"count":1,"gauges":{},"self":17.8060032,"total":18.692721199999998,"children":{"AgentResetIfDone":{"count":488,"self":0.0108484,"total":0.0108484,"children":null},"AgentSendState":{"count":488,"self":0.0188879,"total":0.0614134,"children":{"CollectObservations":{"count":488,"self":0.0425255,"total":0.0425255,"children":null}}},"DecideAction":{"count":488,"self":0.8002576,"total":0.8002576,"children":null},"AcademyStep":{"count":488,"self":0.00099669999999999989,"total":0.00099669999999999989,"children":null},"AgentAct":{"count":488,"self":0.0132017,"total":0.0132017,"children":null}}}