{"count":1,"gauges":{},"self":29.1580224,"total":33.639330099999995,"children":{"AgentResetIfDone":{"count":1646,"self":0.0180858,"total":0.0180858,"children":null},"AgentSendState":{"count":1646,"self":0.0639058,"total":0.2169576,"children":{"CollectObservations":{"count":1646,"self":0.1530518,"total":0.1530518,"children":null}}},"DecideAction":{"count":1646,"self":4.1890012,"total":4.1890011,"children":null},"AcademyStep":{"count":1646,"self":0.0060459,"total":0.0060459,"children":null},"AgentAct":{"count":1646,"self":0.0492697,"total":0.0492697,"children":null}}}