{"count":1,"gauges":{},"self":12.5850048,"total":13.8519282,"children":{"AgentResetIfDone":{"count":660,"self":0.013394999999999999,"total":0.013394999999999999,"children":null},"AgentSendState":{"count":660,"self":0.024844599999999998,"total":0.0818724,"children":{"CollectObservations":{"count":660,"self":0.0570278,"total":0.0570278,"children":null}}},"DecideAction":{"count":660,"self":1.1605028,"total":1.1605028,"children":null},"AcademyStep":{"count":660,"self":0,"total":0,"children":null},"AgentAct":{"count":660,"self":0.0101589,"total":0.0101589,"children":null}}}